filename,label
audio_128.wav,3.299833333333332
audio_156.wav,3.708833333333333
audio_19.wav,3.522
audio_108.wav,2.5923333333333343
audio_206.wav,3.226333333333333
audio_161.wav,2.8923333333333336
audio_215.wav,2.8684999999999996
audio_213.wav,3.3921666666666668
audio_11.wav,3.458333333333334
audio_155.wav,3.341666666666667
audio_39.wav,3.7598333333333334
audio_168.wav,3.3546666666666676
audio_133.wav,3.0603333333333333
audio_28.wav,3.5476666666666663
audio_40.wav,3.432666666666666
audio_181.wav,2.945666666666667
audio_201.wav,2.478333333333333
audio_182.wav,2.8633333333333337
audio_126.wav,3.050666666666666
audio_10.wav,2.6863333333333337
audio_134.wav,2.7029999999999994
audio_69.wav,3.2276666666666673
audio_112.wav,2.9635
audio_180.wav,3.2089999999999987
audio_177.wav,3.515833333333334
audio_77.wav,4.083333333333334
audio_111.wav,3.1205000000000003
audio_18.wav,3.3138333333333345
audio_175.wav,3.1050000000000004
audio_33.wav,3.8743333333333325
audio_15.wav,3.021833333333333
audio_4.wav,4.162666666666665
audio_27.wav,3.096
audio_96.wav,2.8610000000000007
audio_116.wav,3.2046666666666668
audio_1.wav,3.2840000000000007
audio_22.wav,3.7036666666666673
audio_114.wav,3.032999999999999
audio_146.wav,3.088333333333333
audio_46.wav,4.209
audio_144.wav,3.246166666666666
audio_75.wav,3.780833333333333
audio_200.wav,3.0785000000000005
audio_196.wav,2.9644999999999992
audio_190.wav,3.1166666666666663
audio_158.wav,3.1116666666666677
audio_17.wav,2.7398333333333333
audio_105.wav,3.242166666666667
audio_141.wav,2.979000000000002
audio_129.wav,3.566166666666666
audio_6.wav,4.014833333333335
audio_70.wav,4.252333333333331
audio_35.wav,3.3000000000000016
audio_203.wav,2.8393333333333333
audio_90.wav,4.266833333333333
audio_16.wav,3.122
audio_138.wav,3.227999999999999
audio_100.wav,3.0775000000000015
audio_115.wav,2.674500000000001
audio_118.wav,3.4426666666666685
audio_137.wav,3.395166666666666
audio_101.wav,3.1484999999999994
audio_193.wav,3.4329999999999994
audio_102.wav,3.1628333333333334
audio_52.wav,3.3633333333333315
audio_172.wav,3.420499999999999
audio_191.wav,3.0871666666666666
audio_194.wav,3.3536666666666672
audio_67.wav,2.8161666666666667
audio_160.wav,3.287833333333333
audio_179.wav,2.8201666666666676
audio_55.wav,3.334333333333333
audio_145.wav,2.974333333333335
audio_197.wav,2.5806666666666676
audio_139.wav,2.731833333333333
audio_91.wav,3.516999999999999
audio_8.wav,3.0635
audio_136.wav,3.039333333333333
audio_199.wav,2.784166666666666
audio_110.wav,3.3370000000000006
audio_208.wav,2.9928333333333335
audio_152.wav,3.255
audio_94.wav,3.9469999999999996
audio_174.wav,3.2980000000000014
audio_23.wav,3.0878333333333305
audio_56.wav,3.2183333333333346
audio_97.wav,2.959833333333334
audio_148.wav,3.0043333333333337
audio_59.wav,3.104666666666666
audio_5.wav,3.1533333333333333
audio_119.wav,2.8874999999999997
audio_80.wav,4.261999999999999
audio_58.wav,3.1315000000000013
audio_123.wav,3.161833333333333
audio_188.wav,3.064499999999998
audio_121.wav,2.910166666666666
audio_107.wav,3.046833333333333
audio_214.wav,3.325666666666667
audio_73.wav,3.979166666666668
audio_169.wav,3.372000000000001
audio_7.wav,3.2776666666666685
audio_42.wav,3.3731666666666666
audio_88.wav,3.348666666666666
audio_64.wav,2.8199999999999976
audio_195.wav,3.1143333333333336
audio_57.wav,3.1618333333333353
audio_13.wav,3.2865
audio_125.wav,3.206166666666666
audio_209.wav,2.9688333333333334
audio_211.wav,3.3548333333333336
audio_63.wav,2.9724999999999997
audio_86.wav,4.132166666666665
audio_78.wav,4.064666666666667
audio_38.wav,3.371666666666667
audio_186.wav,2.9914999999999994
audio_154.wav,3.477500000000001
audio_21.wav,2.6685
audio_120.wav,2.8560000000000003
audio_183.wav,2.9475
audio_25.wav,2.8451666666666666
audio_122.wav,2.863500000000001
audio_36.wav,3.9056666666666664
audio_76.wav,4.350833333333334
audio_163.wav,2.807166666666667
audio_83.wav,3.823666666666665
audio_103.wav,2.852500000000002
audio_93.wav,3.1128333333333345
audio_26.wav,3.0639999999999996
audio_72.wav,4.033999999999998
audio_210.wav,3.1234999999999995
audio_104.wav,2.9588333333333328
audio_81.wav,3.8268333333333344
audio_166.wav,3.2948333333333335
audio_202.wav,2.7420000000000004
audio_185.wav,2.6235000000000004
audio_9.wav,2.9271666666666665
audio_207.wav,3.4018333333333346
audio_127.wav,3.0653333333333337
audio_12.wav,4.126166666666665
audio_132.wav,3.170166666666666
audio_109.wav,2.6178333333333335
audio_32.wav,3.812
audio_178.wav,4.384500000000001
audio_61.wav,3.0636666666666663
audio_34.wav,3.5820000000000003
audio_106.wav,2.6198333333333332
audio_49.wav,3.917666666666667
audio_149.wav,3.106500000000001
audio_30.wav,3.7524999999999995
audio_131.wav,3.0215000000000014
audio_162.wav,2.926166666666666
audio_204.wav,3.576000000000001
audio_198.wav,3.1428333333333334
audio_135.wav,2.7978333333333336
audio_187.wav,3.1450000000000014
audio_3.wav,3.3213333333333326
audio_98.wav,3.2258333333333336
audio_159.wav,3.1789999999999985
audio_167.wav,3.4171666666666667
audio_205.wav,3.129
audio_95.wav,3.0216666666666683
audio_68.wav,3.1475000000000013
audio_31.wav,3.615333333333334
audio_157.wav,4.031666666666666
audio_89.wav,3.9939999999999993
audio_82.wav,3.9173333333333336
audio_53.wav,3.420500000000001
audio_37.wav,4.0344999999999995
audio_113.wav,3.4033333333333333
audio_85.wav,4.231833333333335
audio_173.wav,3.7341666666666677
audio_41.wav,3.852000000000001
audio_51.wav,3.5600000000000005
audio_143.wav,2.9881666666666655
audio_92.wav,3.3115000000000006
audio_74.wav,3.883
audio_0.wav,2.9348333333333336
audio_147.wav,3.6518333333333346
audio_130.wav,2.810833333333334
audio_192.wav,2.7271666666666676
audio_43.wav,4.078499999999999
audio_65.wav,2.9194999999999984
audio_14.wav,3.1184999999999987
audio_117.wav,2.952666666666667
audio_212.wav,3.002166666666666
audio_79.wav,3.844333333333334
audio_171.wav,2.848833333333334
audio_60.wav,3.092333333333334
audio_153.wav,3.6523333333333325
audio_176.wav,3.865833333333333
audio_2.wav,2.893666666666667
audio_50.wav,4.023666666666667
audio_29.wav,3.254333333333334
audio_142.wav,3.006500000000001
audio_47.wav,3.2983333333333333
audio_84.wav,3.870499999999998
audio_164.wav,3.1444999999999976
audio_48.wav,3.912333333333335
audio_189.wav,3.402
audio_151.wav,3.867333333333333
audio_66.wav,2.8341666666666656
audio_44.wav,3.405833333333334
audio_150.wav,2.9408333333333325
audio_87.wav,3.5235000000000003
audio_99.wav,2.752333333333334
audio_62.wav,2.8861666666666674
audio_20.wav,2.8275000000000006
audio_124.wav,3.204333333333335
audio_54.wav,3.532000000000002
audio_45.wav,4.016499999999998
audio_71.wav,3.980166666666666
audio_184.wav,3.2336666666666654
audio_24.wav,2.3218333333333336
audio_140.wav,3.5683333333333334
audio_165.wav,3.325166666666667
audio_170.wav,2.8898333333333324
